path,title,module,display_tier,quality_score,status,tags,sources,hidden_reasons
wiki/synthesis/karpathy-official-wiki-layer.md,Karpathy Official Wiki Layer,library,candidate,85,public,llm-wiki|synthesis|architecture,[[wiki/sources/karpathy-llm-wiki-pattern]],needs-explicit-curation
log.md,Vault Log,journal,hidden,71,public,llm-wiki|log,[[wiki/sources/pre-rebuild-vault-archive]],source:archive-only
wiki/concepts/03-代码片段-代码片段索引.md,代码片段索引,library,hidden,33,public,llm-wiki|migrated,[[wiki/sources/pre-rebuild-vault-archive]],source:archive-only|status:migrated-needs-source-review|tag:migrated
wiki/concepts/04-知识库-方法论专题-06-Obsidian知识管理.md,📚 Obsidian 知识管理,library,hidden,48,public,llm-wiki|migrated,[[wiki/sources/pre-rebuild-vault-archive]],source:archive-only|status:migrated-needs-source-review|tag:migrated
wiki/concepts/04-知识库-领域研究-AI-Agent技术-技能库-MCP_Ecosystem_2026.md,MCP 生态全景 (MCP Ecosystem 2026),library,hidden,43,public,llm-wiki|migrated,[[wiki/sources/pre-rebuild-vault-archive]],source:archive-only|status:migrated-needs-source-review|tag:migrated
wiki/concepts/04-知识库-领域研究-AI-Agent技术-技能库-MuleRun_Skills_Hub_MOC.md,MuleRun 技能知识网络索引 (MuleRun Skills MOC),paths,hidden,51,public,llm-wiki|migrated,[[wiki/sources/pre-rebuild-vault-archive]],source:archive-only|status:migrated-needs-source-review|tag:migrated
wiki/concepts/04-知识库-领域研究-AI-Agent技术-架构设计-Agent-平台最佳实践与反模式-2026-04-11.md,Agent 平台最佳实践与反模式,library,hidden,48,public,llm-wiki|migrated,[[wiki/sources/pre-rebuild-vault-archive]],source:archive-only|status:migrated-needs-source-review|tag:migrated
wiki/concepts/07-技能库-MuleRun_Skills_Hub.md,MuleRun Skills Hub,library,hidden,33,public,llm-wiki|migrated,[[wiki/sources/pre-rebuild-vault-archive]],source:archive-only|status:migrated-needs-source-review|summary:missing-or-title-only|tag:migrated
wiki/concepts/07-技能库-原子技能-ai-multimodal.md,ai-multimodal 技能,library,hidden,30,public,llm-wiki|migrated,[[wiki/sources/pre-rebuild-vault-archive]],path-pattern:07-技能库-原子技能-|source:archive-only|status:migrated-needs-source-review|tag:migrated
wiki/concepts/07-技能库-原子技能-beautiful-mermaid-ascii.md,beautiful-mermaid-ascii 技能,library,hidden,20,public,llm-wiki|migrated,[[wiki/sources/pre-rebuild-vault-archive]],path-pattern:07-技能库-原子技能-|source:archive-only|status:migrated-needs-source-review|tag:migrated
wiki/concepts/07-技能库-原子技能-browser-use.md,browser-use 技能,library,hidden,30,public,llm-wiki|migrated,[[wiki/sources/pre-rebuild-vault-archive]],path-pattern:07-技能库-原子技能-|source:archive-only|status:migrated-needs-source-review|tag:migrated
wiki/concepts/07-技能库-原子技能-bulk-summarize.md,bulk-summarize 技能,library,hidden,30,public,llm-wiki|migrated,[[wiki/sources/pre-rebuild-vault-archive]],path-pattern:07-技能库-原子技能-|source:archive-only|status:migrated-needs-source-review|tag:migrated
wiki/concepts/07-技能库-原子技能-camelcamelcamel-alerts.md,camelcamelcamel-alerts 技能,library,hidden,20,public,llm-wiki|migrated,[[wiki/sources/pre-rebuild-vault-archive]],path-pattern:07-技能库-原子技能-|source:archive-only|status:migrated-needs-source-review|tag:migrated
wiki/concepts/07-技能库-原子技能-castella-a2a.md,castella-a2a 技能,library,hidden,20,public,llm-wiki|migrated,[[wiki/sources/pre-rebuild-vault-archive]],path-pattern:07-技能库-原子技能-|source:archive-only|status:migrated-needs-source-review|tag:migrated
wiki/concepts/07-技能库-原子技能-ccsinfo.md,ccsinfo 技能,library,hidden,20,public,llm-wiki|migrated,[[wiki/sources/pre-rebuild-vault-archive]],path-pattern:07-技能库-原子技能-|source:archive-only|status:migrated-needs-source-review|tag:migrated
wiki/concepts/07-技能库-原子技能-code-runner.md,code-runner 技能,library,hidden,20,public,llm-wiki|migrated,[[wiki/sources/pre-rebuild-vault-archive]],path-pattern:07-技能库-原子技能-|source:archive-only|status:migrated-needs-source-review|tag:migrated
wiki/concepts/07-技能库-原子技能-commit.md,commit 技能,library,hidden,20,public,llm-wiki|migrated,[[wiki/sources/pre-rebuild-vault-archive]],path-pattern:07-技能库-原子技能-|source:archive-only|status:migrated-needs-source-review|tag:migrated
wiki/concepts/07-技能库-原子技能-competitors-analysis.md,competitors-analysis 技能,library,hidden,30,public,llm-wiki|migrated,[[wiki/sources/pre-rebuild-vault-archive]],path-pattern:07-技能库-原子技能-|source:archive-only|status:migrated-needs-source-review|tag:migrated
wiki/concepts/07-技能库-原子技能-composewebview-development.md,composewebview-development 技能,library,hidden,20,public,llm-wiki|migrated,[[wiki/sources/pre-rebuild-vault-archive]],path-pattern:07-技能库-原子技能-|source:archive-only|status:migrated-needs-source-review|tag:migrated
wiki/concepts/07-技能库-原子技能-composewebview-documentation.md,composewebview-documentation 技能,library,hidden,20,public,llm-wiki|migrated,[[wiki/sources/pre-rebuild-vault-archive]],path-pattern:07-技能库-原子技能-|source:archive-only|status:migrated-needs-source-review|tag:migrated
wiki/concepts/07-技能库-原子技能-data-pipeline-engineer.md,data-pipeline-engineer 技能,library,hidden,20,public,llm-wiki|migrated,[[wiki/sources/pre-rebuild-vault-archive]],path-pattern:07-技能库-原子技能-|source:archive-only|status:migrated-needs-source-review|tag:migrated
wiki/concepts/07-技能库-原子技能-debug-tauri.md,debug-tauri 技能,library,hidden,20,public,llm-wiki|migrated,[[wiki/sources/pre-rebuild-vault-archive]],path-pattern:07-技能库-原子技能-|source:archive-only|status:migrated-needs-source-review|tag:migrated
wiki/concepts/07-技能库-原子技能-differentiation-schemes.md,differentiation-schemes 技能,library,hidden,20,public,llm-wiki|migrated,[[wiki/sources/pre-rebuild-vault-archive]],path-pattern:07-技能库-原子技能-|source:archive-only|status:migrated-needs-source-review|tag:migrated
wiki/concepts/07-技能库-原子技能-doc.md,doc 技能,library,hidden,30,public,llm-wiki|migrated,[[wiki/sources/pre-rebuild-vault-archive]],path-pattern:07-技能库-原子技能-|source:archive-only|status:migrated-needs-source-review|tag:migrated
wiki/concepts/07-技能库-原子技能-document-converter-suite.md,document-converter-suite 技能,library,hidden,20,public,llm-wiki|migrated,[[wiki/sources/pre-rebuild-vault-archive]],path-pattern:07-技能库-原子技能-|source:archive-only|status:migrated-needs-source-review|tag:migrated
wiki/concepts/07-技能库-原子技能-figlet-text-converter.md,figlet-text-converter 技能,library,hidden,20,public,llm-wiki|migrated,[[wiki/sources/pre-rebuild-vault-archive]],path-pattern:07-技能库-原子技能-|source:archive-only|status:migrated-needs-source-review|tag:migrated
wiki/concepts/07-技能库-原子技能-flyio-cli-public.md,openclaw-version-monitor 技能,library,hidden,20,public,llm-wiki|migrated,[[wiki/sources/pre-rebuild-vault-archive]],path-pattern:07-技能库-原子技能-|source:archive-only|status:migrated-needs-source-review|tag:migrated
wiki/concepts/07-技能库-原子技能-frontend-skill.md,frontend-skill 技能,library,hidden,30,public,llm-wiki|migrated,[[wiki/sources/pre-rebuild-vault-archive]],path-pattern:07-技能库-原子技能-|source:archive-only|status:migrated-needs-source-review|tag:migrated
wiki/concepts/07-技能库-原子技能-gcode-to-text.md,gcode-to-text 技能 (Letta),library,hidden,20,public,llm-wiki|migrated,[[wiki/sources/pre-rebuild-vault-archive]],path-pattern:07-技能库-原子技能-|source:archive-only|status:migrated-needs-source-review|tag:migrated
wiki/concepts/07-技能库-原子技能-generating-memes.md,generating-memes 技能,library,hidden,20,public,llm-wiki|migrated,[[wiki/sources/pre-rebuild-vault-archive]],path-pattern:07-技能库-原子技能-|source:archive-only|status:migrated-needs-source-review|tag:migrated
wiki/concepts/07-技能库-原子技能-gh-address-comments.md,gh-address-comments 技能,library,hidden,30,public,llm-wiki|migrated,[[wiki/sources/pre-rebuild-vault-archive]],path-pattern:07-技能库-原子技能-|source:archive-only|status:migrated-needs-source-review|tag:migrated
wiki/concepts/07-技能库-原子技能-gh-fix-ci.md,gh-fix-ci 技能,library,hidden,30,public,llm-wiki|migrated,[[wiki/sources/pre-rebuild-vault-archive]],path-pattern:07-技能库-原子技能-|source:archive-only|status:migrated-needs-source-review|tag:migrated
wiki/concepts/07-技能库-原子技能-git-changes-reporter.md,git-changes-reporter 技能,library,hidden,20,public,llm-wiki|migrated,[[wiki/sources/pre-rebuild-vault-archive]],path-pattern:07-技能库-原子技能-|source:archive-only|status:migrated-needs-source-review|tag:migrated
wiki/concepts/07-技能库-原子技能-gitnexus-explorer.md,gitnexus-explorer 技能,library,hidden,30,public,llm-wiki|migrated,[[wiki/sources/pre-rebuild-vault-archive]],path-pattern:07-技能库-原子技能-|source:archive-only|status:migrated-needs-source-review|tag:migrated
wiki/concepts/07-技能库-原子技能-home-assistant-awtrix.md,home-assistant-awtrix 技能,library,hidden,20,public,llm-wiki|migrated,[[wiki/sources/pre-rebuild-vault-archive]],path-pattern:07-技能库-原子技能-|source:archive-only|status:migrated-needs-source-review|tag:migrated
wiki/concepts/07-技能库-原子技能-hooks-development.md,hooks-development 技能,library,hidden,20,public,llm-wiki|migrated,[[wiki/sources/pre-rebuild-vault-archive]],path-pattern:07-技能库-原子技能-|source:archive-only|status:migrated-needs-source-review|tag:migrated
wiki/concepts/07-技能库-原子技能-invoice-generator.md,invoice-generator 技能,library,hidden,30,public,llm-wiki|migrated,[[wiki/sources/pre-rebuild-vault-archive]],path-pattern:07-技能库-原子技能-|source:archive-only|status:migrated-needs-source-review|tag:migrated
wiki/concepts/07-技能库-原子技能-ios-simulator.md,ios-simulator 技能,library,hidden,30,public,llm-wiki|migrated,[[wiki/sources/pre-rebuild-vault-archive]],path-pattern:07-技能库-原子技能-|source:archive-only|status:migrated-needs-source-review|tag:migrated
wiki/concepts/07-技能库-原子技能-issue-create.md,issue-create 技能,library,hidden,20,public,llm-wiki|migrated,[[wiki/sources/pre-rebuild-vault-archive]],path-pattern:07-技能库-原子技能-|source:archive-only|status:migrated-needs-source-review|tag:migrated
wiki/concepts/07-技能库-原子技能-jira.md,jira 技能,library,hidden,20,public,llm-wiki|migrated,[[wiki/sources/pre-rebuild-vault-archive]],path-pattern:07-技能库-原子技能-|source:archive-only|status:migrated-needs-source-review|tag:migrated
wiki/concepts/07-技能库-原子技能-linear-solvers.md,linear-solvers 技能,library,hidden,20,public,llm-wiki|migrated,[[wiki/sources/pre-rebuild-vault-archive]],path-pattern:07-技能库-原子技能-|source:archive-only|status:migrated-needs-source-review|tag:migrated
wiki/concepts/07-技能库-原子技能-link-validator.md,link-validator 技能,library,hidden,20,public,llm-wiki|migrated,[[wiki/sources/pre-rebuild-vault-archive]],path-pattern:07-技能库-原子技能-|source:archive-only|status:migrated-needs-source-review|tag:migrated
wiki/concepts/07-技能库-原子技能-markdown-tools.md,markdown-tools 技能,library,hidden,20,public,llm-wiki|migrated,[[wiki/sources/pre-rebuild-vault-archive]],path-pattern:07-技能库-原子技能-|source:archive-only|status:migrated-needs-source-review|tag:migrated
wiki/concepts/07-技能库-原子技能-mcaf-skill-curation.md,mcaf-skill-curation 技能,library,hidden,20,public,llm-wiki|migrated,[[wiki/sources/pre-rebuild-vault-archive]],path-pattern:07-技能库-原子技能-|source:archive-only|status:migrated-needs-source-review|tag:migrated
wiki/concepts/07-技能库-原子技能-mermaid-tools.md,mermaid-tools 技能,library,hidden,20,public,llm-wiki|migrated,[[wiki/sources/pre-rebuild-vault-archive]],path-pattern:07-技能库-原子技能-|source:archive-only|status:migrated-needs-source-review|tag:migrated
wiki/concepts/07-技能库-原子技能-mesh-generation.md,mesh-generation 技能,library,hidden,20,public,llm-wiki|migrated,[[wiki/sources/pre-rebuild-vault-archive]],path-pattern:07-技能库-原子技能-|source:archive-only|status:migrated-needs-source-review|tag:migrated
wiki/concepts/07-技能库-原子技能-ms-agent-framework-rag.md,ms-agent-framework-rag 技能,library,hidden,20,public,llm-wiki|migrated,[[wiki/sources/pre-rebuild-vault-archive]],path-pattern:07-技能库-原子技能-|source:archive-only|status:migrated-needs-source-review|tag:migrated
wiki/concepts/07-技能库-原子技能-n8n.md,n8n 技能,library,hidden,30,public,llm-wiki|migrated,[[wiki/sources/pre-rebuild-vault-archive]],path-pattern:07-技能库-原子技能-|source:archive-only|status:migrated-needs-source-review|tag:migrated
wiki/concepts/07-技能库-原子技能-numerical-stability.md,numerical-stability 技能,library,hidden,20,public,llm-wiki|migrated,[[wiki/sources/pre-rebuild-vault-archive]],path-pattern:07-技能库-原子技能-|source:archive-only|status:migrated-needs-source-review|tag:migrated
wiki/concepts/07-技能库-原子技能-omni-talos.md,omni-talos 技能,library,hidden,20,public,llm-wiki|migrated,[[wiki/sources/pre-rebuild-vault-archive]],path-pattern:07-技能库-原子技能-|source:archive-only|status:migrated-needs-source-review|tag:migrated
wiki/concepts/07-技能库-原子技能-omnifocus-2.md,omnifocus-2 技能,library,hidden,20,public,llm-wiki|migrated,[[wiki/sources/pre-rebuild-vault-archive]],path-pattern:07-技能库-原子技能-|source:archive-only|status:migrated-needs-source-review|tag:migrated
wiki/concepts/07-技能库-原子技能-parameter-optimization.md,parameter-optimization 技能,library,hidden,20,public,llm-wiki|migrated,[[wiki/sources/pre-rebuild-vault-archive]],path-pattern:07-技能库-原子技能-|source:archive-only|status:migrated-needs-source-review|tag:migrated
wiki/concepts/07-技能库-原子技能-pdf.md,pdf 技能,library,hidden,30,public,llm-wiki|migrated,[[wiki/sources/pre-rebuild-vault-archive]],path-pattern:07-技能库-原子技能-|source:archive-only|status:migrated-needs-source-review|tag:migrated
wiki/concepts/07-技能库-原子技能-plugin-validator.md,plugin-validator 技能,library,hidden,20,public,llm-wiki|migrated,[[wiki/sources/pre-rebuild-vault-archive]],path-pattern:07-技能库-原子技能-|source:archive-only|status:migrated-needs-source-review|tag:migrated
wiki/concepts/07-技能库-原子技能-prometheus-api.md,prometheus-api 技能,library,hidden,30,public,llm-wiki|migrated,[[wiki/sources/pre-rebuild-vault-archive]],path-pattern:07-技能库-原子技能-|source:archive-only|status:migrated-needs-source-review|tag:migrated
wiki/concepts/07-技能库-原子技能-scientific-papers-to-dataset.md,scientific-papers-to-dataset 技能,library,hidden,20,public,llm-wiki|migrated,[[wiki/sources/pre-rebuild-vault-archive]],path-pattern:07-技能库-原子技能-|source:archive-only|status:migrated-needs-source-review|tag:migrated
wiki/concepts/07-技能库-原子技能-scrape-webpage.md,scrape-webpage 技能,library,hidden,20,public,llm-wiki|migrated,[[wiki/sources/pre-rebuild-vault-archive]],path-pattern:07-技能库-原子技能-|source:archive-only|status:migrated-needs-source-review|tag:migrated
wiki/concepts/07-技能库-原子技能-screenshot.md,screenshot 技能,library,hidden,30,public,llm-wiki|migrated,[[wiki/sources/pre-rebuild-vault-archive]],path-pattern:07-技能库-原子技能-|source:archive-only|status:migrated-needs-source-review|tag:migrated
wiki/concepts/07-技能库-原子技能-searxng-web-search.md,searxng-web-search 技能,library,hidden,20,public,llm-wiki|migrated,[[wiki/sources/pre-rebuild-vault-archive]],path-pattern:07-技能库-原子技能-|source:archive-only|status:migrated-needs-source-review|tag:migrated
wiki/concepts/07-技能库-原子技能-sec-filing-watcher.md,sec-filing-watcher 技能,library,hidden,20,public,llm-wiki|migrated,[[wiki/sources/pre-rebuild-vault-archive]],path-pattern:07-技能库-原子技能-|source:archive-only|status:migrated-needs-source-review|tag:migrated
wiki/concepts/07-技能库-原子技能-security-best-practices.md,security-best-practices 技能,library,hidden,30,public,llm-wiki|migrated,[[wiki/sources/pre-rebuild-vault-archive]],path-pattern:07-技能库-原子技能-|source:archive-only|status:migrated-needs-source-review|tag:migrated
wiki/concepts/07-技能库-原子技能-security-threat-model.md,security-threat-model 技能,library,hidden,30,public,llm-wiki|migrated,[[wiki/sources/pre-rebuild-vault-archive]],path-pattern:07-技能库-原子技能-|source:archive-only|status:migrated-needs-source-review|tag:migrated
wiki/concepts/07-技能库-原子技能-site-reliability-engineer.md,site-reliability-engineer 技能,library,hidden,20,public,llm-wiki|migrated,[[wiki/sources/pre-rebuild-vault-archive]],path-pattern:07-技能库-原子技能-|source:archive-only|status:migrated-needs-source-review|tag:migrated
wiki/concepts/07-技能库-原子技能-strudel.md,strudel 技能,library,hidden,20,public,llm-wiki|migrated,[[wiki/sources/pre-rebuild-vault-archive]],path-pattern:07-技能库-原子技能-|source:archive-only|status:migrated-needs-source-review|tag:migrated
wiki/concepts/07-技能库-原子技能-swissweather.md,swissweather 技能,library,hidden,20,public,llm-wiki|migrated,[[wiki/sources/pre-rebuild-vault-archive]],path-pattern:07-技能库-原子技能-|source:archive-only|status:migrated-needs-source-review|tag:migrated
wiki/concepts/07-技能库-原子技能-technical-writer.md,technical-writer 技能,library,hidden,20,public,llm-wiki|migrated,[[wiki/sources/pre-rebuild-vault-archive]],path-pattern:07-技能库-原子技能-|source:archive-only|status:migrated-needs-source-review|tag:migrated
wiki/concepts/07-技能库-原子技能-time-stepping.md,time-stepping 技能,library,hidden,20,public,llm-wiki|migrated,[[wiki/sources/pre-rebuild-vault-archive]],path-pattern:07-技能库-原子技能-|source:archive-only|status:migrated-needs-source-review|tag:migrated
wiki/concepts/07-技能库-原子技能-transcript-fixer.md,transcript-fixer 技能,library,hidden,20,public,llm-wiki|migrated,[[wiki/sources/pre-rebuild-vault-archive]],path-pattern:07-技能库-原子技能-|source:archive-only|status:migrated-needs-source-review|tag:migrated
wiki/concepts/07-技能库-原子技能-video-comparer.md,video-comparer 技能,library,hidden,20,public,llm-wiki|migrated,[[wiki/sources/pre-rebuild-vault-archive]],path-pattern:07-技能库-原子技能-|source:archive-only|status:migrated-needs-source-review|tag:migrated
wiki/concepts/07-技能库-原子技能-yeet.md,yeet 技能,library,hidden,30,public,llm-wiki|migrated,[[wiki/sources/pre-rebuild-vault-archive]],path-pattern:07-技能库-原子技能-|source:archive-only|status:migrated-needs-source-review|tag:migrated
wiki/concepts/07-技能库-说明-技能库说明.md,技能库说明,library,hidden,43,public,llm-wiki|migrated,[[wiki/sources/pre-rebuild-vault-archive]],source:archive-only|status:migrated-needs-source-review|tag:migrated
wiki/concepts/99-模板-EvoMap-进化笔记模板.md,EvoMap 进化笔记模板,library,hidden,30,public,llm-wiki|migrated,[[wiki/sources/pre-rebuild-vault-archive]],path-pattern:99-模板-|source:archive-only|status:migrated-needs-source-review|tag:migrated|title-pattern:模板
wiki/concepts/99-模板-LLM-Wiki-条目模板.md,LLM Wiki 条目模板,library,hidden,30,public,llm-wiki|migrated,[[wiki/sources/pre-rebuild-vault-archive]],path-pattern:99-模板-|source:archive-only|status:migrated-needs-source-review|tag:migrated|title-pattern:模板
wiki/concepts/99-模板-周回顾模板.md,周回顾 - {{year}}-W{{week}},library,hidden,20,public,llm-wiki|migrated,[[wiki/sources/pre-rebuild-vault-archive]],path-pattern:99-模板-|source:archive-only|status:migrated-needs-source-review|tag:migrated|title-pattern:{{year}}
wiki/concepts/99-模板-每日回顾模板.md,{{date}} 每日回顾,journal,hidden,20,public,llm-wiki|migrated,[[wiki/sources/pre-rebuild-vault-archive]],path-pattern:99-模板-|source:archive-only|status:migrated-needs-source-review|tag:migrated|title-pattern:{{date}}
wiki/concepts/99-模板-每日笔记模板.md,每日笔记模板,journal,hidden,20,public,llm-wiki|migrated,[[wiki/sources/pre-rebuild-vault-archive]],path-pattern:99-模板-|source:archive-only|status:migrated-needs-source-review|tag:migrated|title-pattern:模板
wiki/concepts/wiki-concepts-README.md,Concepts,library,hidden,20,public,llm-wiki|migrated,[[wiki/sources/pre-rebuild-vault-archive]],content:too-thin|source:archive-only|status:migrated-needs-source-review|tag:migrated
wiki/people/wiki-people-README.md,People,library,hidden,20,public,llm-wiki|migrated,[[wiki/sources/pre-rebuild-vault-archive]],content:too-thin|source:archive-only|status:migrated-needs-source-review|tag:migrated
wiki/projects/02-项目笔记-项目笔记总览.md,项目笔记总览,works,hidden,43,public,llm-wiki|migrated,[[wiki/sources/pre-rebuild-vault-archive]],source:archive-only|status:migrated-needs-source-review|tag:migrated
wiki/projects/02-领域-最佳实践-项目环境配置指导.md,项目环境配置指导,works,hidden,33,public,llm-wiki|migrated,[[wiki/sources/pre-rebuild-vault-archive]],source:archive-only|status:migrated-needs-source-review|tag:migrated
wiki/projects/03-资源-参考资料-AIRI项目官方文档.md,AIRI项目官方文档,works,hidden,43,public,llm-wiki|migrated,[[wiki/sources/pre-rebuild-vault-archive]],source:archive-only|status:migrated-needs-source-review|tag:migrated
wiki/projects/04-知识库-优化-项目同步_17-46.md,活跃项目同步报告,works,hidden,20,public,llm-wiki|migrated,[[wiki/sources/pre-rebuild-vault-archive]],path-pattern:项目同步_|source:archive-only|status:migrated-needs-source-review|tag:migrated|title-pattern:同步报告
wiki/projects/04-知识库-优化-项目同步_18-23.md,活跃项目同步报告,works,hidden,20,public,llm-wiki|migrated,[[wiki/sources/pre-rebuild-vault-archive]],path-pattern:项目同步_|source:archive-only|status:migrated-needs-source-review|tag:migrated|title-pattern:同步报告
wiki/projects/04-知识库-优化-项目同步_19-24.md,活跃项目同步报告,works,hidden,20,public,llm-wiki|migrated,[[wiki/sources/pre-rebuild-vault-archive]],path-pattern:项目同步_|source:archive-only|status:migrated-needs-source-review|tag:migrated|title-pattern:同步报告
wiki/projects/04-知识库-优化-项目同步_20-51.md,活跃项目同步报告,works,hidden,20,public,llm-wiki|migrated,[[wiki/sources/pre-rebuild-vault-archive]],path-pattern:项目同步_|source:archive-only|status:migrated-needs-source-review|tag:migrated|title-pattern:同步报告
wiki/projects/04-知识库-优化-项目同步_21-51.md,活跃项目同步报告,works,hidden,20,public,llm-wiki|migrated,[[wiki/sources/pre-rebuild-vault-archive]],path-pattern:项目同步_|source:archive-only|status:migrated-needs-source-review|tag:migrated|title-pattern:同步报告
wiki/projects/04-知识库-项目-Coze复刻计划-Coze复刻计划.md,>-,works,hidden,43,public,llm-wiki|migrated,[[wiki/sources/pre-rebuild-vault-archive]],source:archive-only|status:migrated-needs-source-review|tag:migrated
wiki/projects/04-知识库-项目-竞赛系统-项目记录-2026-04-20.md,竞赛系统开发项目记录,works,hidden,43,public,llm-wiki|migrated,[[wiki/sources/pre-rebuild-vault-archive]],source:archive-only|status:migrated-needs-source-review|tag:migrated
wiki/projects/04-知识库-项目索引.md,项目索引,works,hidden,43,public,llm-wiki|migrated,[[wiki/sources/pre-rebuild-vault-archive]],source:archive-only|status:migrated-needs-source-review|tag:migrated
wiki/projects/04-知识库-领域研究-AI-Agent技术-项目架构-an-clan_Project_Architecture.md,an-clan (安氏宗门) 元逻辑架构图,works,hidden,43,public,llm-wiki|migrated,[[wiki/sources/pre-rebuild-vault-archive]],source:archive-only|status:migrated-needs-source-review|tag:migrated
wiki/projects/04-知识库-领域研究-AI-Agent技术-项目架构-mcc_Project_Architecture.md,mcc (Master Control Console) 项目架构图,works,hidden,43,public,llm-wiki|migrated,[[wiki/sources/pre-rebuild-vault-archive]],source:archive-only|status:migrated-needs-source-review|tag:migrated
wiki/projects/04-知识库-领域研究-AI-Agent技术-项目架构-zongmen-gui_Project_Architecture.md,zongmen-gui (宗门管理 GUI) 项目架构图,works,hidden,43,public,llm-wiki|migrated,[[wiki/sources/pre-rebuild-vault-archive]],source:archive-only|status:migrated-needs-source-review|tag:migrated
wiki/projects/05-外部信息-下载文档-airi项目官方README.md,AIRI 项目官方 README,works,hidden,20,public,llm-wiki|migrated,[[wiki/sources/pre-rebuild-vault-archive]],content:too-thin|source:archive-only|status:migrated-needs-source-review|tag:migrated
wiki/projects/05-外部信息-下载文档-new-api项目README.md,new-api 项目 README,works,hidden,20,public,llm-wiki|migrated,[[wiki/sources/pre-rebuild-vault-archive]],content:too-thin|source:archive-only|status:migrated-needs-source-review|tag:migrated
wiki/projects/05-外部信息-项目文档-xiaoan-finetune-PROGRESS_SNAPSHOT_025.md,PROGRESS SNAPSHOT 025,works,hidden,30,public,llm-wiki|migrated,[[wiki/sources/pre-rebuild-vault-archive]],path-pattern:PROGRESS_SNAPSHOT|source:archive-only|status:migrated-needs-source-review|summary:missing-or-title-only|tag:migrated
wiki/projects/05-外部信息-项目文档-xiaoan-finetune-PROGRESS_SNAPSHOT_050.md,PROGRESS SNAPSHOT 050,works,hidden,30,public,llm-wiki|migrated,[[wiki/sources/pre-rebuild-vault-archive]],path-pattern:PROGRESS_SNAPSHOT|source:archive-only|status:migrated-needs-source-review|summary:missing-or-title-only|tag:migrated
wiki/projects/05-外部信息-项目文档-xiaoan-finetune-PROGRESS_SNAPSHOT_075.md,PROGRESS SNAPSHOT 075,works,hidden,30,public,llm-wiki|migrated,[[wiki/sources/pre-rebuild-vault-archive]],path-pattern:PROGRESS_SNAPSHOT|source:archive-only|status:migrated-needs-source-review|summary:missing-or-title-only|tag:migrated
wiki/projects/05-外部信息-项目文档-xiaoan-finetune-PROGRESS_SNAPSHOT_100.md,PROGRESS SNAPSHOT 100,works,hidden,30,public,llm-wiki|migrated,[[wiki/sources/pre-rebuild-vault-archive]],path-pattern:PROGRESS_SNAPSHOT|source:archive-only|status:migrated-needs-source-review|summary:missing-or-title-only|tag:migrated
wiki/projects/05-外部信息-项目文档-xiaoan-finetune-PROGRESS_SNAPSHOT_openclaw_025.md,PROGRESS SNAPSHOT openclaw 025,works,hidden,30,public,llm-wiki|migrated,[[wiki/sources/pre-rebuild-vault-archive]],path-pattern:PROGRESS_SNAPSHOT|source:archive-only|status:migrated-needs-source-review|summary:missing-or-title-only|tag:migrated
wiki/projects/05-外部信息-项目文档-xiaoan-finetune-PROGRESS_SNAPSHOT_openclaw_075.md,PROGRESS SNAPSHOT openclaw 075,works,hidden,30,public,llm-wiki|migrated,[[wiki/sources/pre-rebuild-vault-archive]],path-pattern:PROGRESS_SNAPSHOT|source:archive-only|status:migrated-needs-source-review|summary:missing-or-title-only|tag:migrated
wiki/projects/05-外部信息-项目文档-xiaoan-finetune-PROGRESS_SNAPSHOT_openclaw_100.md,PROGRESS SNAPSHOT openclaw 100,works,hidden,20,public,llm-wiki|migrated,[[wiki/sources/pre-rebuild-vault-archive]],path-pattern:PROGRESS_SNAPSHOT|source:archive-only|status:migrated-needs-source-review|summary:missing-or-title-only|tag:migrated
wiki/projects/05-外部信息-项目文档-xiaoan-finetune-PROGRESS_SNAPSHOT_openclaw_v2_100.md,PROGRESS SNAPSHOT openclaw v2 100,works,hidden,20,public,llm-wiki|migrated,[[wiki/sources/pre-rebuild-vault-archive]],path-pattern:PROGRESS_SNAPSHOT|source:archive-only|status:migrated-needs-source-review|summary:missing-or-title-only|tag:migrated
wiki/projects/05-外部信息-项目文档-xiaoan-finetune-PROGRESS_SNAPSHOT_optimization_audit_100.md,PROGRESS SNAPSHOT optimization audit 100,works,hidden,20,public,llm-wiki|migrated,[[wiki/sources/pre-rebuild-vault-archive]],path-pattern:PROGRESS_SNAPSHOT|source:archive-only|status:migrated-needs-source-review|summary:missing-or-title-only|tag:migrated
wiki/projects/05-外部信息-项目文档-xiaoan-finetune-PROGRESS_SNAPSHOT_v1_1_025.md,PROGRESS SNAPSHOT v1.1 025,works,hidden,20,public,llm-wiki|migrated,[[wiki/sources/pre-rebuild-vault-archive]],path-pattern:PROGRESS_SNAPSHOT|source:archive-only|status:migrated-needs-source-review|summary:missing-or-title-only|tag:migrated
wiki/projects/05-外部信息-项目文档-xiaoan-finetune-PROGRESS_SNAPSHOT_v1_1_050.md,PROGRESS SNAPSHOT v1.1 050,works,hidden,20,public,llm-wiki|migrated,[[wiki/sources/pre-rebuild-vault-archive]],path-pattern:PROGRESS_SNAPSHOT|source:archive-only|status:migrated-needs-source-review|summary:missing-or-title-only|tag:migrated
wiki/projects/05-外部信息-项目文档-xiaoan-finetune-PROGRESS_SNAPSHOT_v1_1_075.md,PROGRESS SNAPSHOT v1.1 075,works,hidden,20,public,llm-wiki|migrated,[[wiki/sources/pre-rebuild-vault-archive]],path-pattern:PROGRESS_SNAPSHOT|source:archive-only|status:migrated-needs-source-review|summary:missing-or-title-only|tag:migrated
wiki/projects/05-外部信息-项目文档-xiaoan-finetune-PROGRESS_SNAPSHOT_v1_1_100.md,PROGRESS SNAPSHOT v1.1 100,works,hidden,30,public,llm-wiki|migrated,[[wiki/sources/pre-rebuild-vault-archive]],path-pattern:PROGRESS_SNAPSHOT|source:archive-only|status:migrated-needs-source-review|summary:missing-or-title-only|tag:migrated
wiki/projects/05-外部信息-项目文档-xiaoan-finetune-PROGRESS_SNAPSHOT_v1_2_025.md,PROGRESS SNAPSHOT v1.2 025,works,hidden,20,public,llm-wiki|migrated,[[wiki/sources/pre-rebuild-vault-archive]],path-pattern:PROGRESS_SNAPSHOT|source:archive-only|status:migrated-needs-source-review|summary:missing-or-title-only|tag:migrated
wiki/projects/05-外部信息-项目文档-xiaoan-finetune-TARGET_CARD.md,TARGET_CARD,works,hidden,33,public,llm-wiki|migrated,[[wiki/sources/pre-rebuild-vault-archive]],source:archive-only|status:migrated-needs-source-review|tag:migrated
wiki/projects/05-外部信息-项目文档-xiaoan-finetune-TASK_STATE.md,TASK_STATE,works,hidden,48,public,llm-wiki|migrated,[[wiki/sources/pre-rebuild-vault-archive]],source:archive-only|status:migrated-needs-source-review|tag:migrated
wiki/projects/05-外部信息-项目文档-xiaoan-finetune-data-knowledge-lessons.md,小安复盘知识库,works,hidden,43,public,llm-wiki|migrated,[[wiki/sources/pre-rebuild-vault-archive]],source:archive-only|status:migrated-needs-source-review|tag:migrated
wiki/projects/05-外部信息-项目文档-xiaoan-finetune-docs-apple_ssd_integration.md,Apple SSD 集成说明,works,hidden,43,public,llm-wiki|migrated,[[wiki/sources/pre-rebuild-vault-archive]],source:archive-only|status:migrated-needs-source-review|tag:migrated
wiki/projects/05-外部信息-项目文档-xiaoan-finetune-docs-best_practices_sources.md,最佳实践来源清单（用于后续持续更新）,works,hidden,33,public,llm-wiki|migrated,[[wiki/sources/pre-rebuild-vault-archive]],source:archive-only|status:migrated-needs-source-review|summary:missing-or-title-only|tag:migrated
wiki/projects/05-外部信息-项目文档-xiaoan-finetune-docs-retrospective_memory_loop.md,小安行动复盘与记忆迭代闭环,works,hidden,43,public,llm-wiki|migrated,[[wiki/sources/pre-rebuild-vault-archive]],source:archive-only|status:migrated-needs-source-review|tag:migrated
wiki/projects/05-外部信息-项目文档-xiaoan-finetune-reports-external_dataset_audit_v1.0.md,External SFT Dataset Audit,works,hidden,33,public,llm-wiki|migrated,[[wiki/sources/pre-rebuild-vault-archive]],source:archive-only|status:migrated-needs-source-review|summary:missing-or-title-only|tag:migrated
wiki/projects/05-外部信息-项目文档-xiaoan-finetune-reports-startup_7b_blocker_20260406.md,7B Startup Blocker (2026-04-06),works,hidden,33,public,llm-wiki|migrated,[[wiki/sources/pre-rebuild-vault-archive]],source:archive-only|status:migrated-needs-source-review|summary:missing-or-title-only|tag:migrated
wiki/projects/98-GitHub项目-ollama.ollama-ollama.ollama.md,ollama.ollama 深度调研,works,hidden,48,public,llm-wiki|migrated,[[wiki/sources/pre-rebuild-vault-archive]],source:archive-only|status:migrated-needs-source-review|summary:missing-or-title-only|tag:migrated
wiki/projects/98-GitHub项目-本地AI资源聚合项目调研.md,本地AI资源聚合项目调研,works,hidden,48,public,llm-wiki|migrated,[[wiki/sources/pre-rebuild-vault-archive]],source:archive-only|status:migrated-needs-source-review|tag:migrated
wiki/projects/root-maintenance-backlog.md,Root Maintenance Backlog,works,hidden,71,public,llm-wiki|project|maintenance,[[wiki/sources/pre-rebuild-vault-archive]],source:archive-only
wiki/projects/wiki-projects-README.md,Projects,works,hidden,20,public,llm-wiki|migrated,[[wiki/sources/pre-rebuild-vault-archive]],content:too-thin|source:archive-only|status:migrated-needs-source-review|tag:migrated
wiki/projects/wiki-projects-karpathy-llm-wiki-alignment-2026-05-12.md,Karpathy LLM Wiki Alignment 2026-05-12,works,hidden,43,public,llm-wiki|migrated,[[wiki/sources/pre-rebuild-vault-archive]],source:archive-only|status:migrated-needs-source-review|summary:missing-or-title-only|tag:migrated
wiki/sources/wiki-sources-README.md,Sources,library,hidden,33,public,llm-wiki|migrated,[[wiki/sources/pre-rebuild-vault-archive]],source:archive-only|status:migrated-needs-source-review|tag:migrated
wiki/sources/wiki-sources-karpathy-llm-wiki-pattern.md,Karpathy LLM Wiki Pattern,library,hidden,33,public,llm-wiki|migrated,[[wiki/sources/pre-rebuild-vault-archive]],source:archive-only|status:migrated-needs-source-review|summary:missing-or-title-only|tag:migrated
wiki/synthesis/wiki-_templates-note.md,Title,library,hidden,20,public,llm-wiki|migrated,[[wiki/sources/pre-rebuild-vault-archive]],content:too-thin|path-pattern:wiki-_templates|source:archive-only|status:migrated-needs-source-review|tag:migrated
wiki/synthesis/wiki-index.md,LLM Wiki Index,library,hidden,43,public,llm-wiki|migrated,[[wiki/sources/pre-rebuild-vault-archive]],source:archive-only|status:migrated-needs-source-review|tag:migrated
wiki/topics/02-领域-AI工具生态-记忆系统对比.md,记忆系统对比,library,hidden,43,public,llm-wiki|migrated,[[wiki/sources/pre-rebuild-vault-archive]],source:archive-only|status:migrated-needs-source-review|tag:migrated
wiki/topics/02-领域-学习笔记-微调qwen本地模型.md,微调 Qwen 本地模型,library,hidden,33,public,llm-wiki|migrated,[[wiki/sources/pre-rebuild-vault-archive]],source:archive-only|status:migrated-needs-source-review|tag:migrated
wiki/topics/02-领域-知识索引-(MOC).md,知识索引 (MOC),paths,hidden,51,public,llm-wiki|migrated,[[wiki/sources/pre-rebuild-vault-archive]],source:archive-only|status:migrated-needs-source-review|tag:migrated
wiki/topics/03-资源-参考资料-AI-Commander文档索引.md,AI Commander文档索引,library,hidden,48,public,llm-wiki|migrated,[[wiki/sources/pre-rebuild-vault-archive]],source:archive-only|status:migrated-needs-source-review|tag:migrated
wiki/topics/03-资源-参考资料-电脑硬件资产.md,电脑硬件资产,library,hidden,43,public,llm-wiki|migrated,[[wiki/sources/pre-rebuild-vault-archive]],source:archive-only|status:migrated-needs-source-review|tag:migrated
wiki/topics/03-资源-工具配置-AI工具总览.md,AI 工具总览,library,hidden,33,public,llm-wiki|migrated,[[wiki/sources/pre-rebuild-vault-archive]],source:archive-only|status:migrated-needs-source-review|tag:migrated
wiki/topics/03-资源-提示词库-Claude灵魂提示词.md,Claude灵魂提示词,library,hidden,48,public,llm-wiki|migrated,[[wiki/sources/pre-rebuild-vault-archive]],source:archive-only|status:migrated-needs-source-review|tag:migrated
wiki/topics/03-资源-提示词库-OpenClaw核心提示词.md,OpenClaw核心提示词库,library,hidden,48,public,llm-wiki|migrated,[[wiki/sources/pre-rebuild-vault-archive]],source:archive-only|status:migrated-needs-source-review|tag:migrated
wiki/topics/04-知识库-07-AI工具演化轨迹.md,AI 工具演化轨迹,library,hidden,48,public,llm-wiki|migrated,[[wiki/sources/pre-rebuild-vault-archive]],source:archive-only|status:migrated-needs-source-review|tag:migrated
wiki/topics/04-知识库-LLM-Wiki-articles-2026-04-11-Agentic-Wiki-编译样本.md,Agentic Wiki 编译样本,library,hidden,43,public,llm-wiki|migrated,[[wiki/sources/pre-rebuild-vault-archive]],source:archive-only|status:migrated-needs-source-review|tag:migrated
wiki/topics/04-知识库-LLM-Wiki-articles-2026-04-14-多仓接入-样例.md,多仓接入样例-仓库主控与LLM Wiki闭环,library,hidden,43,public,llm-wiki|migrated,[[wiki/sources/pre-rebuild-vault-archive]],source:archive-only|status:migrated-needs-source-review|tag:migrated
wiki/topics/04-知识库-LLM-Wiki-articles-2026-04-14-多仓接入样例.md,多仓接入样例,library,hidden,43,public,llm-wiki|migrated,[[wiki/sources/pre-rebuild-vault-archive]],source:archive-only|status:migrated-needs-source-review|tag:migrated
wiki/topics/04-知识库-LLM-Wiki-index.md,LLM Wiki Index,library,hidden,43,public,llm-wiki|migrated,[[wiki/sources/pre-rebuild-vault-archive]],source:archive-only|status:migrated-needs-source-review|tag:migrated
wiki/topics/04-知识库-LLM-Wiki-log.md,LLM Wiki Log,journal,hidden,48,public,llm-wiki|migrated,[[wiki/sources/pre-rebuild-vault-archive]],source:archive-only|status:migrated-needs-source-review|tag:migrated
wiki/topics/04-知识库-优化-断链检测报告_2026-04-30.md,Obsidian Vault 断链检测报告,library,hidden,30,public,llm-wiki|migrated,[[wiki/sources/pre-rebuild-vault-archive]],path-pattern:断链检测报告|source:archive-only|status:migrated-needs-source-review|summary:missing-or-title-only|tag:migrated
wiki/topics/04-知识库-优化-每小时检查_17-46.md,Obsidian 每小时健康检查,library,hidden,20,public,llm-wiki|migrated,[[wiki/sources/pre-rebuild-vault-archive]],path-pattern:每小时检查_|source:archive-only|status:migrated-needs-source-review|tag:migrated
wiki/topics/04-知识库-优化-每小时检查_18-23.md,Obsidian 每小时健康检查,library,hidden,20,public,llm-wiki|migrated,[[wiki/sources/pre-rebuild-vault-archive]],path-pattern:每小时检查_|source:archive-only|status:migrated-needs-source-review|tag:migrated
wiki/topics/04-知识库-优化-每小时检查_19-24.md,Obsidian 每小时健康检查,library,hidden,20,public,llm-wiki|migrated,[[wiki/sources/pre-rebuild-vault-archive]],path-pattern:每小时检查_|source:archive-only|status:migrated-needs-source-review|tag:migrated
wiki/topics/04-知识库-优化-每小时检查_20-24.md,Obsidian 每小时健康检查,library,hidden,20,public,llm-wiki|migrated,[[wiki/sources/pre-rebuild-vault-archive]],path-pattern:每小时检查_|source:archive-only|status:migrated-needs-source-review|tag:migrated
wiki/topics/04-知识库-优化-每小时检查_20-51.md,Obsidian 每小时健康检查,library,hidden,20,public,llm-wiki|migrated,[[wiki/sources/pre-rebuild-vault-archive]],path-pattern:每小时检查_|source:archive-only|status:migrated-needs-source-review|tag:migrated
wiki/topics/04-知识库-优化-每小时检查_21-24.md,Obsidian 每小时健康检查,library,hidden,20,public,llm-wiki|migrated,[[wiki/sources/pre-rebuild-vault-archive]],path-pattern:每小时检查_|source:archive-only|status:migrated-needs-source-review|tag:migrated
wiki/topics/04-知识库-优化-每小时检查_22-24.md,Obsidian 每小时健康检查,library,hidden,20,public,llm-wiki|migrated,[[wiki/sources/pre-rebuild-vault-archive]],path-pattern:每小时检查_|source:archive-only|status:migrated-needs-source-review|tag:migrated
wiki/topics/04-知识库-优化-每日整理报告_2026-04-30.md,Obsidian 每日整理报告,journal,hidden,30,public,llm-wiki|migrated,[[wiki/sources/pre-rebuild-vault-archive]],path-pattern:每日整理报告|source:archive-only|status:migrated-needs-source-review|tag:migrated
wiki/topics/04-知识库-优化-知识库优化建议.md,知识库优化建议,library,hidden,48,public,llm-wiki|migrated,[[wiki/sources/pre-rebuild-vault-archive]],source:archive-only|status:migrated-needs-source-review|tag:migrated
wiki/topics/04-知识库-基础设施-AI-Agent-系统总览-2026-05-02.md,>-,library,hidden,43,public,llm-wiki|migrated,[[wiki/sources/pre-rebuild-vault-archive]],source:archive-only|status:migrated-needs-source-review|tag:migrated
wiki/topics/04-知识库-提示词库-提示词-总控-系统主控执行引擎.md,提示词-总控-系统主控执行引擎,library,hidden,43,public,llm-wiki|migrated,[[wiki/sources/pre-rebuild-vault-archive]],source:archive-only|status:migrated-needs-source-review|tag:migrated
wiki/topics/04-知识库-提示词库-提示词仓库-MOC.md,提示词仓库 MOC,paths,hidden,51,public,llm-wiki|migrated,[[wiki/sources/pre-rebuild-vault-archive]],source:archive-only|status:migrated-needs-source-review|tag:migrated
wiki/topics/04-知识库-架构-知识库架构设计.md,知识库架构设计,library,hidden,48,public,llm-wiki|migrated,[[wiki/sources/pre-rebuild-vault-archive]],source:archive-only|status:migrated-needs-source-review|tag:migrated
wiki/topics/04-知识库-领域研究-AI-Agent技术-架构设计-Agent_Computer_Interface_Best_Practices.md,Agent-Computer Interface (ACI) 设计准则 2026,library,hidden,43,public,llm-wiki|migrated,[[wiki/sources/pre-rebuild-vault-archive]],source:archive-only|status:migrated-needs-source-review|tag:migrated
wiki/topics/04-知识库-领域研究-AI-Agent技术-架构设计-Agent_Design_Patterns_2026.md,Agent 协作设计模式 (Design Patterns 2026),library,hidden,43,public,llm-wiki|migrated,[[wiki/sources/pre-rebuild-vault-archive]],source:archive-only|status:migrated-needs-source-review|tag:migrated
wiki/topics/04-知识库-领域研究-AI-Agent技术-架构设计-Agentic_Workflow_Optimization_2026.md,Agent 工作流优化最佳实践 (Optimization 2026),library,hidden,43,public,llm-wiki|migrated,[[wiki/sources/pre-rebuild-vault-archive]],source:archive-only|status:migrated-needs-source-review|tag:migrated
wiki/topics/04-知识库-领域研究-AI-Agent技术-架构设计-Codex-自主能力进化地图.md,Codex 自主能力进化地图,library,hidden,48,public,llm-wiki|migrated,[[wiki/sources/pre-rebuild-vault-archive]],source:archive-only|status:migrated-needs-source-review|tag:migrated
wiki/topics/04-知识库-领域研究-AI-Agent技术-架构设计-Codex后台代跑侧车试点-v1-2026-04-15.md,Codex后台代跑侧车试点-v1,library,hidden,48,public,llm-wiki|migrated,[[wiki/sources/pre-rebuild-vault-archive]],source:archive-only|status:migrated-needs-source-review|tag:migrated
wiki/topics/04-知识库-领域研究-AI-Agent技术-架构设计-Codex治理任务编排主线-v1-2026-04-15.md,Codex 治理任务编排主线 v1,library,hidden,43,public,llm-wiki|migrated,[[wiki/sources/pre-rebuild-vault-archive]],source:archive-only|status:migrated-needs-source-review|tag:migrated
wiki/topics/04-知识库-领域研究-AI-Agent技术-架构设计-Codex验证反馈回环主线-v1-2026-04-15.md,Codex验证反馈回环主线 v1,library,hidden,43,public,llm-wiki|migrated,[[wiki/sources/pre-rebuild-vault-archive]],source:archive-only|status:migrated-needs-source-review|tag:migrated
wiki/topics/04-知识库-领域研究-AI-Agent技术-架构设计-Learn-Harness-从vibe-agent到稳定执行层-2026-05-01.md,Learn Harness：从 vibe agent 到 Harness Engineering,library,hidden,48,public,llm-wiki|migrated,[[wiki/sources/pre-rebuild-vault-archive]],source:archive-only|status:migrated-needs-source-review|summary:missing-or-title-only|tag:migrated
wiki/topics/04-知识库-领域研究-AI-Agent技术-架构设计-多Agent协调与受控委派-2026-04-11.md,多Agent协调与受控委派,library,hidden,43,public,llm-wiki|migrated,[[wiki/sources/pre-rebuild-vault-archive]],source:archive-only|status:migrated-needs-source-review|tag:migrated
wiki/topics/04-知识库-领域研究-AI-Agent技术-架构设计-多Agent通信信封与工件传递-2026-04-11.md,多Agent通信信封与工件传递,library,hidden,43,public,llm-wiki|migrated,[[wiki/sources/pre-rebuild-vault-archive]],source:archive-only|status:migrated-needs-source-review|tag:migrated
wiki/topics/04-知识库-领域研究-AI-Agent技术-框架内化-Agent_Platform_Dify_n8n.md,Agent 平台内化: Dify vs n8n,library,hidden,43,public,llm-wiki|migrated,[[wiki/sources/pre-rebuild-vault-archive]],source:archive-only|status:migrated-needs-source-review|tag:migrated
wiki/topics/04-知识库-领域研究-AI-Agent技术-框架内化-AutoGen_Conversation_Patterns.md,AutoGen 对话模式内化: 动态路由与多 Agent 协作,library,hidden,43,public,llm-wiki|migrated,[[wiki/sources/pre-rebuild-vault-archive]],source:archive-only|status:migrated-needs-source-review|tag:migrated
wiki/topics/04-知识库-领域研究-AI-Agent技术-框架内化-Browser-use_Web_Agent.md,Browser-use 深度内化: 浏览器 Agent 与网页自动化,library,hidden,43,public,llm-wiki|migrated,[[wiki/sources/pre-rebuild-vault-archive]],source:archive-only|status:migrated-needs-source-review|tag:migrated
wiki/topics/04-知识库-领域研究-AI-Agent技术-框架内化-CrewAI_Architecture.md,CrewAI 架构内化: 角色驱动与任务委派,library,hidden,43,public,llm-wiki|migrated,[[wiki/sources/pre-rebuild-vault-archive]],source:archive-only|status:migrated-needs-source-review|tag:migrated
wiki/topics/04-知识库-领域研究-AI-Agent技术-框架内化-LangGraph_Deep_Dive.md,LangGraph 深度内化: 确定性状态机与 HITL,library,hidden,43,public,llm-wiki|migrated,[[wiki/sources/pre-rebuild-vault-archive]],source:archive-only|status:migrated-needs-source-review|tag:migrated
wiki/topics/04-知识库-领域研究-AI-Agent技术-框架内化-LlamaIndex_AgentWorkflow.md,LlamaIndex AgentWorkflow 内化: RAG 原生与数据驱动,library,hidden,43,public,llm-wiki|migrated,[[wiki/sources/pre-rebuild-vault-archive]],source:archive-only|status:migrated-needs-source-review|tag:migrated
wiki/topics/04-知识库-领域研究-AI-Agent技术-框架内化-MCP_Protocol_Standard.md,MCP (Model Context Protocol) 标准内化,library,hidden,43,public,llm-wiki|migrated,[[wiki/sources/pre-rebuild-vault-archive]],source:archive-only|status:migrated-needs-source-review|tag:migrated
wiki/topics/04-知识库-领域研究-AI-Agent技术-框架内化-MemPalace-长上下文记忆系统-2026-04-11.md,MemPalace 长上下文记忆系统,library,hidden,48,public,llm-wiki|migrated,[[wiki/sources/pre-rebuild-vault-archive]],source:archive-only|status:migrated-needs-source-review|summary:missing-or-title-only|tag:migrated
wiki/topics/04-知识库-领域研究-AI-Agent技术-框架内化-MetaGPT_SOP_Framework.md,MetaGPT SOP 框架内化: 软件公司隐喻与标准化流程,library,hidden,43,public,llm-wiki|migrated,[[wiki/sources/pre-rebuild-vault-archive]],source:archive-only|status:migrated-needs-source-review|tag:migrated
wiki/topics/04-知识库-领域研究-AI-Agent技术-框架内化-SWE-agent_ACI_Concept.md,SWE-agent ACI 概念内化: 针对 LLM 的计算机接口,library,hidden,43,public,llm-wiki|migrated,[[wiki/sources/pre-rebuild-vault-archive]],source:archive-only|status:migrated-needs-source-review|tag:migrated
wiki/topics/04-知识库-领域研究-AI-Agent技术-生态全景-GitHub_Agent_Ecosystem_Matrix.md,GitHub AI Agent 生态全景矩阵 (Top 60),library,hidden,43,public,llm-wiki|migrated,[[wiki/sources/pre-rebuild-vault-archive]],source:archive-only|status:migrated-needs-source-review|tag:migrated
wiki/topics/04-知识库-领域研究-Agent生态-Agent-生态-MOC.md,Agent 生ated MOC,paths,hidden,51,public,llm-wiki|migrated,[[wiki/sources/pre-rebuild-vault-archive]],source:archive-only|status:migrated-needs-source-review|tag:migrated
wiki/topics/04-知识库-领域研究-Agent生态-Aider.md,Aider,library,hidden,43,public,llm-wiki|migrated,[[wiki/sources/pre-rebuild-vault-archive]],source:archive-only|status:migrated-needs-source-review|tag:migrated
wiki/topics/04-知识库-领域研究-Agent生态-AutoGen.md,AutoGen,library,hidden,33,public,llm-wiki|migrated,[[wiki/sources/pre-rebuild-vault-archive]],source:archive-only|status:migrated-needs-source-review|tag:migrated
wiki/topics/04-知识库-领域研究-Agent生态-Browser-use.md,Browser-use,library,hidden,33,public,llm-wiki|migrated,[[wiki/sources/pre-rebuild-vault-archive]],source:archive-only|status:migrated-needs-source-review|tag:migrated
wiki/topics/04-知识库-领域研究-Agent生态-CrewAI.md,CrewAI,library,hidden,43,public,llm-wiki|migrated,[[wiki/sources/pre-rebuild-vault-archive]],source:archive-only|status:migrated-needs-source-review|tag:migrated
wiki/topics/04-知识库-领域研究-Agent生态-LangChain.md,LangChain,library,hidden,33,public,llm-wiki|migrated,[[wiki/sources/pre-rebuild-vault-archive]],source:archive-only|status:migrated-needs-source-review|tag:migrated
wiki/topics/04-知识库-领域研究-Agent生态-LlamaIndex.md,LlamaIndex,library,hidden,43,public,llm-wiki|migrated,[[wiki/sources/pre-rebuild-vault-archive]],source:archive-only|status:migrated-needs-source-review|tag:migrated
wiki/topics/04-知识库-领域研究-Agent生态-MCP.md,MCP (Model Context Protocol),library,hidden,43,public,llm-wiki|migrated,[[wiki/sources/pre-rebuild-vault-archive]],source:archive-only|status:migrated-needs-source-review|tag:migrated
wiki/topics/04-知识库-领域研究-Agent生态-Mem0.md,Mem0,library,hidden,33,public,llm-wiki|migrated,[[wiki/sources/pre-rebuild-vault-archive]],source:archive-only|status:migrated-needs-source-review|tag:migrated
wiki/topics/04-知识库-领域研究-Agent生态-MetaGPT.md,MetaGPT,library,hidden,33,public,llm-wiki|migrated,[[wiki/sources/pre-rebuild-vault-archive]],source:archive-only|status:migrated-needs-source-review|tag:migrated
wiki/topics/04-知识库-领域研究-Agent生态-OpenHands.md,OpenHands,library,hidden,43,public,llm-wiki|migrated,[[wiki/sources/pre-rebuild-vault-archive]],source:archive-only|status:migrated-needs-source-review|tag:migrated
wiki/topics/04-知识库-领域研究-Agent生态-SWE-Agent.md,SWE-Agent,library,hidden,33,public,llm-wiki|migrated,[[wiki/sources/pre-rebuild-vault-archive]],source:archive-only|status:migrated-needs-source-review|tag:migrated
wiki/topics/05-外部信息-MuleRun-README.md,MuleRun 外部资料入口,library,hidden,33,public,llm-wiki|migrated,[[wiki/sources/pre-rebuild-vault-archive]],source:archive-only|status:migrated-needs-source-review|tag:migrated
wiki/topics/05-外部信息-信息总汇-2026-05-02.md,安的知识系统 — 信息总汇,feed,hidden,43,public,llm-wiki|migrated,[[wiki/sources/pre-rebuild-vault-archive]],source:archive-only|status:migrated-needs-source-review|tag:migrated
wiki/topics/05-外部信息-情报日报-daily-2026-05-02.md,daily-2026-05-02,feed,hidden,43,public,llm-wiki|migrated,[[wiki/sources/pre-rebuild-vault-archive]],source:archive-only|status:migrated-needs-source-review|tag:migrated
wiki/topics/05-外部信息-情报日报-monitoring-2026-05-02.md,monitoring-2026-05-02,feed,hidden,43,public,llm-wiki|migrated,[[wiki/sources/pre-rebuild-vault-archive]],source:archive-only|status:migrated-needs-source-review|tag:migrated
wiki/topics/05-外部信息-情报日报-ops-cards-2026-05-02.md,ops-cards-2026-05-02,feed,hidden,43,public,llm-wiki|migrated,[[wiki/sources/pre-rebuild-vault-archive]],source:archive-only|status:migrated-needs-source-review|tag:migrated
wiki/topics/05-外部信息-自动采集-README.md,自动采集目录说明,library,hidden,30,public,llm-wiki|migrated,[[wiki/sources/pre-rebuild-vault-archive]],path-pattern:自动采集|source:archive-only|status:migrated-needs-source-review|tag:migrated
wiki/topics/05-外部信息-调研报告-存档-GitHub_AI_Agent_生态全景报告.md,GitHub AI Agent 生态全景报告 (完整版),feed,hidden,43,public,llm-wiki|migrated,[[wiki/sources/pre-rebuild-vault-archive]],source:archive-only|status:migrated-needs-source-review|tag:migrated
wiki/topics/05-外部信息-调研报告.md,2026 多 Agent 框架深度调研与 accio 演进建议,feed,hidden,48,public,llm-wiki|migrated,[[wiki/sources/pre-rebuild-vault-archive]],source:archive-only|status:migrated-needs-source-review|tag:migrated
wiki/topics/wiki-topics-README.md,Topics,library,hidden,20,public,llm-wiki|migrated,[[wiki/sources/pre-rebuild-vault-archive]],content:too-thin|source:archive-only|status:migrated-needs-source-review|tag:migrated
README.md,An LLM Wiki,paths,showcase,100,featured|public,llm-wiki|obsidian|public,[[wiki/sources/karpathy-llm-wiki-pattern]],
index.md,An LLM Wiki Index,paths,showcase,100,featured|public,llm-wiki|index,[[wiki/index]],
wiki/concepts/agent-skill-governance.md,Agent Skill Governance,library,showcase,100,verified,agent|skills|governance|llm-wiki|curated,[[wiki/sources/local-private-compile-2026-05-13]]|[[wiki/synthesis/karpathy-official-wiki-layer]]|[[wiki/topics/skills-and-tools-moc]],
wiki/concepts/private-to-public-promotion-pipeline.md,Private To Public Promotion Pipeline,library,showcase,100,verified,publication|workflow|llm-wiki|curated,[[wiki/sources/karpathy-llm-wiki-pattern]]|[[wiki/sources/local-private-compile-2026-05-13]]|[[wiki/sources-and-data-policy]],
wiki/concepts/public-site-data-boundary.md,Public Site Data Boundary,library,showcase,100,verified,frontend|backend|site-data|publication|curated,[[wiki/sources/local-private-compile-2026-05-13]]|[[wiki/synthesis/karpathy-official-wiki-layer]],
wiki/index.md,LLM Wiki Index,paths,showcase,100,featured|public,llm-wiki|moc,[[wiki/sources/karpathy-llm-wiki-pattern]],
wiki/projects/personal-archive-platform.md,Personal Archive Platform,works,showcase,100,verified,archive|llm-wiki|project|showcase|beginner-friendly,[[wiki/sources/karpathy-llm-wiki-pattern]]|[[wiki/sources/local-private-compile-2026-05-13]]|[[wiki/synthesis/karpathy-official-wiki-layer]],
wiki/sources-and-data-policy.md,Sources and Data Policy,library,showcase,100,public,llm-wiki|sources|privacy,[[wiki/sources/karpathy-llm-wiki-pattern]],
wiki/sources/github-reference-projects.md,GitHub Reference Projects,library,showcase,100,public,llm-wiki|github|source,https://github.com/kytmanov/obsidian-llm-wiki-local|https://github.com/shannhk/llm-wikid|https://github.com/green-dalii/obsidian-llm-wiki|https://github.com/MehmetGoekce/llm-wiki,
wiki/sources/karpathy-llm-wiki-pattern.md,Karpathy LLM Wiki Pattern,library,showcase,100,public,llm-wiki|source|obsidian,https://gist.github.com/karpathy/442a6bf555914893e9891c11519de94f,
wiki/sources/llm-wikid.md,llm-wikid,library,showcase,100,public,llm-wiki|github|source,https://github.com/shannhk/llm-wikid,
wiki/sources/local-private-compile-2026-05-13.md,Local Private Compile 2026-05-13,library,showcase,100,public,llm-wiki|source|publication,[[wiki/sources/karpathy-llm-wiki-pattern]]|[[wiki/sources/pre-rebuild-vault-archive]],
wiki/sources/obsidian-llm-wiki-local.md,obsidian-llm-wiki-local,library,showcase,100,public,llm-wiki|github|source,https://github.com/kytmanov/obsidian-llm-wiki-local,
wiki/sources/pre-rebuild-vault-archive.md,Pre-Rebuild Vault Archive,library,showcase,85,public,llm-wiki|source|archive,,
wiki/synthesis/archive-information-architecture.md,Archive Information Architecture,library,showcase,100,verified,archive|information-architecture|synthesis|curated,[[wiki/sources/local-private-compile-2026-05-13]]|[[wiki/synthesis/karpathy-official-wiki-layer]],
wiki/synthesis/capability-evidence-matrix.md,Capability Evidence Matrix,library,showcase,100,verified,skills|capabilities|evidence|curated,[[wiki/sources/local-private-compile-2026-05-13]]|[[wiki/topics/skills-and-tools-moc]],
wiki/synthesis/information-review-queue.md,Information Review Queue,library,showcase,100,verified,review|publication|information-architecture|curated,[[wiki/sources/local-private-compile-2026-05-13]],
wiki/synthesis/personal-archive-public-roadmap.md,Personal Archive Public Roadmap,library,showcase,100,verified,archive|roadmap|synthesis|publication|curated,[[wiki/sources/local-private-compile-2026-05-13]]|[[wiki/projects/personal-archive-platform]],
wiki/synthesis/project-evidence-matrix.md,Project Evidence Matrix,library,showcase,100,verified,projects|evidence|synthesis|curated,[[wiki/sources/local-private-compile-2026-05-13]],
wiki/synthesis/public-growth-timeline-framework.md,Public Growth Timeline Framework,library,showcase,100,verified,timeline|growth|publication|curated,[[wiki/sources/local-private-compile-2026-05-13]],
wiki/topics/ai-agent-systems-moc.md,AI Agent Systems MOC,paths,showcase,100,featured|public,ai-agent|moc|systems,[[wiki/sources/pre-rebuild-vault-archive]],source:archive-only
wiki/topics/llm-wiki-moc.md,LLM Wiki MOC,paths,showcase,100,featured|public,llm-wiki|moc|architecture,[[wiki/sources/karpathy-llm-wiki-pattern]],
wiki/topics/personal-archive-moc.md,Personal Archive MOC,paths,showcase,100,featured|verified,archive|moc|llm-wiki|curated,[[wiki/sources/local-private-compile-2026-05-13]]|[[wiki/synthesis/karpathy-official-wiki-layer]],
wiki/topics/publication-maintenance-moc.md,Publication Maintenance MOC,paths,showcase,100,featured|public,publication|maintenance|privacy|moc,[[wiki/sources/karpathy-llm-wiki-pattern]]|[[wiki/sources/pre-rebuild-vault-archive]],
wiki/topics/skills-and-tools-moc.md,Skills and Tools MOC,paths,showcase,100,featured|public,skills|tools|moc,[[wiki/sources/pre-rebuild-vault-archive]],source:archive-only
